,Player,From / To,Date,Price
0,Demi Akarakiri,"Arsenal
Everton",12-04-2024,Free
1,"Kain Ryan
D (L)","Brighton
Coventry",11-03-2024,Free
2,Nicksoen Gomis,"Sheff Utd
Toronto",23-02-2024,Free
3,"Richie Laryea
D (R), M (CL)","Nottingham
Toronto",23-02-2024,€0.7M
4,"Bruno Jordão
DM, M (C)","Wolverhampton
Radomiak",06-02-2024,Free
5,"Charlie Wiggett
D (C)","Newcastle Utd.
Sligo",02-02-2024,Free
6,"Serge Aurier
D (R)","Nottingham
Galatasaray",02-02-2024,€0.1M
7,"Alfie Harrison
M (C)","Man City
Newcastle Utd.",01-02-2024,€1M
8,"Bertrand Traoré
F, M (R)","Aston Villa
Villarreal",01-02-2024,Free
9,"Matz Sels
GK","Strasbourg
Nottingham",01-02-2024,€8M
10,"John Fleck
M (C)","Sheff Utd
Blackburn",01-02-2024,Free
11,"Thierry Small
D, M (L)","Southampton
Charlton Athletic",01-02-2024,Free
12,"Adam Wharton
M, DM (C)","Blackburn
C. Palace",01-02-2024,€21.1M
13,"Joe Gauci
GK","Adelaide
Aston Villa",01-02-2024,€1.5M
14,"Theo Corbeanu
F (R), M (RL)","Wolverhampton
Granada",01-02-2024,€1.5M
15,"Morgan Rogers
M (CL)","Middlesbrough
Aston Villa",01-02-2024,€9.4M
16,"Pablo Fornals
AM (C), M (RL)","West Ham United
Real Betis",01-02-2024,€8M
17,"Isak Hansen-Aarøen
M (C)","Man Utd
Werder",01-02-2024,€0.3M
18,"Rúnar Alex Rúnarsson
GK","Arsenal
Kobenhavn",01-02-2024,Free
19,"Miguel Azeez
M (C)","Arsenal
At. Baleares",01-02-2024,Free
20,"Hugo Lloris
GK","Tottenham
LAFC",31-01-2024,Free
21,"Zack Steffen
GK","Man City
Colorado",31-01-2024,Free
22,"Daniel Muñoz
D, M (R)","Genk
C. Palace",30-01-2024,€8M
23,"Daiki Hashioka
D, M (R)","Sint-Truiden
Luton",30-01-2024,€2M
24,"Jonny Otto
D (RL)","Wolverhampton
PAOK",26-01-2024,Free
25,"Hákon Rafn Valdimarsson
GK","Elfsborg
Brentford",26-01-2024,€3M
26,"Ivo Grbic
GK","Atlético
Sheff Utd",26-01-2024,€2.5M
27,"Sam Curtis
D (CR), M (R)","St Patrick`s
Sheff Utd",25-01-2024,Free
28,"Claudio Echeverri
AM, M (C)","River Plate
Man City",25-01-2024,€18.5M
29,"Jez Davies
M (C)","Burnley
Salford",24-01-2024,Free
30,"Billy Bates
D (C)","West Ham United
Cheshunt FC",23-01-2024,Free
31,"Kosta Nedeljkovic
D (R)","Crvena Zvezda
Aston Villa",22-01-2024,€7.6M
32,"Javier Manquillo
D (R)","Newcastle Utd.
Celta",21-01-2024,Free
33,"Valentín Barco
D, M, AM (L)","Boca Juniors
Brighton",20-01-2024,€9.2M
34,"Archie Woods
M (C)","West Ham United
Dubai City FC",19-01-2024,Free
35,"Slobodan Tedic
F (C)","Man City
Cukaricki",19-01-2024,Free
36,"Mateo Mejía
F (C), AM (R)","Man Utd
Sevilla",18-01-2024,Free
37,"Kyle Edwards
F, M (L)","Ipswich Town
Oxford",16-01-2024,Free
38,"Caolan McBride
M (C)","Aston Villa
Newington FC",13-01-2024,Free
39,"Conor Coventry
DM, M (C)","West Ham United
Charlton Athletic",12-01-2024,€1.2M
40,"Yunus Emre Konak
DM (C)","Sivasspor
Brentford",11-01-2024,€4.5M
41,"Radu Drăgușin
D (C)","Genoa
Tottenham",11-01-2024,€25M
42,"Gustavo Scarpa
AM (C), M (R)","Nottingham
Atletico Mineiro",11-01-2024,€5M
43,"Finn Azaz
M (CL)","Aston Villa
Middlesbrough",05-01-2024,€2.9M
44,"Nahuel Ferraresi
D (C)","Man City
Sao Paulo",01-01-2024,€4.3M
45,"Ethan Fitzhugh
F (RL), AM (R)","Leicester
Banbury United",04-01-2024,Free
46,"Adrian Mazilu
F (CR)","Viitorul
Brighton",01-01-2024,€3M
47,"Jean-Pierre Tiéhi
F (C)","Fulham
AEK",01-07-2023,Free
48,Evan Easton,"Celtic
Sheff Utd",11-09-2023,Free
49,"Marcelo Flores
F, M (L)","Arsenal
Tigres",10-09-2023,€0.8M
50,"Nicolas Pépé
F, AM (R)","Arsenal
Trabzonspor",08-09-2023,Free
51,"Christian Marques
D (CRL)","Wolverhampton
Yverdon",07-09-2023,Free
52,"Demarai Gray
M (L), F (CL)","Everton
Al-Ettifaq",07-09-2023,€9.3M
53,"Moussa Djenepo
F, M (L)","Southampton
Standard",05-09-2023,€3.5M
54,"Andi Zeqiri
F (C)","Brighton
Genk",05-09-2023,€2.8M
55,"Declan Frith
AM (R)","Aston Villa
Valencia",04-09-2023,Free
56,"Eric Bailly
D (C)","Man Utd
Besiktas",04-09-2023,Free
57,"Davinson Sánchez
D (C)","Tottenham
Galatasaray",04-09-2023,€9.5M
58,"Dylan Scicluna
D (L), M (C)","Wolverhampton
West Sydney",03-09-2023,Free
59,"Anthony Knockaert
M (R)","Fulham
Valenciennes",02-09-2023,Free
60,"Malik Mothersille
F (C)","Chelsea
Peterborough",01-09-2023,Free
61,"Alex Gibson-Hammond
AM, F, D (R)","Nottingham
Derby",01-09-2023,Free
62,"Vicente Guaita
GK","C. Palace
Celta",01-09-2023,Free
63,"Kalani Barton
D (R)","C. Palace
Leatherhead FC",01-09-2023,Free
64,"Tom Cannon
F (C)","Everton
Leicester",01-09-2023,€8.8M
65,"Jaden Philogene
M (RL)","Aston Villa
Hull City",01-09-2023,€5.8M
66,"Andrew Omobamidele
D (C)","Norwich
Nottingham",01-09-2023,€12.9M
67,"Nicolás Domínguez
M, DM (C)","Bologna
Nottingham",01-09-2023,€10M
68,"Jean-Ricner Bellegarde
M (C)","Strasbourg
Wolverhampton",01-09-2023,€15M
69,"Ross Stewart
F (C)","Sunderland
Southampton",01-09-2023,€9.3M
70,"Alex Iwobi
F (L), M (CL)","Everton
Fulham",01-09-2023,€25.7M
71,"Ibrahim Sangaré
DM, M (C)","PSV
Nottingham",01-09-2023,€35M
72,"Rob Holding
D (C)","Arsenal
C. Palace",01-09-2023,€1.2M
73,"Brennan Johnson
F, M (R)","Nottingham
Tottenham",01-09-2023,€55M
74,"Odysseas Vlachodimos
GK","Benfica
Nottingham",01-09-2023,€4.9M
75,"Ryan Gravenberch
M, DM (C)","Bayern
Liverpool",01-09-2023,€40M
76,"Cole Palmer
M (CR)","Man City
Chelsea",01-09-2023,€47M
77,"Callum Hudson-Odoi
F, M (L)","Chelsea
Nottingham",01-09-2023,€3.5M
78,"Altay Bayindir
GK","Fenerbahce
Man Utd",01-09-2023,€5M
79,"Keinan Davis
F (C)","Aston Villa
Udinese",01-09-2023,€2.3M
80,"Matheus Nunes
M (CL), DM (C)","Wolverhampton
Man City",01-09-2023,€62M
81,"Mikki van Sas
GK","Man City
Feyenoord",01-07-2023,Free
82,"Brad Young
F (CRL)","Aston Villa
The New Saints",01-07-2023,Free
83,"Silko Thomas
M (L)","Chelsea
Leicester",01-07-2023,Free
84,"Jamal Baptiste
D (C)","West Ham United
Man City",01-07-2023,Free
85,"Jayden Wareham
F (C)","Chelsea
Reading",01-07-2023,Free
86,"Charlie Wellens
D (R)","Man Utd
Reading",01-07-2023,Free
87,"Murillo
D (C)","Corinthians
Nottingham",31-08-2023,€12M
88,"Han-Noah Massengo
DM, M (C)","Bristol City
Burnley",31-08-2023,Free
89,"Santiago Bueno
D (C)","Girona
Wolverhampton",31-08-2023,€12M
90,"Tiemoué Bakayoko
DM, M (C)","Chelsea
Lorient",31-08-2023,Free
91,"Andy Irving
M (C)","Austria
West Ham United",31-08-2023,€1.8M
92,"Dean Henderson
GK","Man Utd
C. Palace",31-08-2023,€17.5M
93,"Toby Bull
M (C), GK","Brighton
Eastbourne Town",30-08-2023,Free
94,"Steven Benda
GK","Swansea
Fulham",30-08-2023,€0.9M
95,"Folarin Balogun
F (C)","Arsenal
Monaco",30-08-2023,€30M
96,"Beto
F (C)","Udinese
Everton",29-08-2023,€25M
97,"Carlos Baleba
DM (RL), AM (C)","Lille
Brighton",29-08-2023,€27M
98,"Timothy Castagne
D (R)","Leicester
Fulham",29-08-2023,€13M
99,"Roy Syla
M (C)","Brentford
Ayr United",01-07-2023,Free
100,"Dan Langley
GK","Newcastle Utd.
Blyth Spartans AFC",28-08-2023,Free
101,"Cameron Archer
F (C)","Aston Villa
Sheff Utd",27-08-2023,€21.6M
102,"Nathan Tella
M (R), AM (L)","Southampton
Bayer 04",27-08-2023,€23.3M
103,"Mohammed Kudus
AM (C), M (RL)","Ajax
West Ham United",27-08-2023,€43M
104,"Steven Sessegnon
D (RL)","Fulham
Wigan",26-08-2023,Free
105,"Djordje Petrovic
GK","New England Rev.
Chelsea",26-08-2023,€16M
106,"Avan Jones
D, M (R)","Luton
Chesham United",01-07-2023,Free
107,Kane Draper,"Nottingham
Pontypridd United",25-08-2023,Free
108,"Terell Pennant
AM (C), M (L), F (R)","Leicester
Coalville Town",25-08-2023,Free
109,"Mohamed Dräger
D, M (R)","Nottingham
Basel",25-08-2023,€0.4M
110,"João Moutinho
M, DM (C)","Wolverhampton
Sporting Braga",01-07-2023,Free
111,"Ruben Shakpoke
F (C)","Aston Villa
West Bromwich",24-08-2023,Free
112,"Noam Emeran
F (L)","Man Utd
Groningen",24-08-2023,Free
113,"Roshaun Mathurin
F (CR)","Tottenham
C. Palace",24-08-2023,Free
114,"David Omilabu
F (R)","C. Palace
Maidenhead United",24-08-2023,Free
115,"Jérémy Doku
F, M (L)","Stade Rennais
Man City",24-08-2023,€60M
116,"Aymeric Laporte
D (C)","Man City
Al-Nassr",24-08-2023,€27.5M
117,"Matt Everitt
M (RL), AM (L)","Brighton
Dorking Wanderers",01-07-2023,Free
118,"Sam Bellis
M (C)","Southampton
Barrow",23-08-2023,Free
119,"Rowan McDonald
M (C)","Man City
Waterford",01-07-2023,Free
120,"Aaron Ramsey
AM, M (C)","Aston Villa
Burnley",22-08-2023,€16.5M
121,"Hannes Delcroix
D (CL)","Anderlecht
Burnley",22-08-2023,€3M
122,"Konstantinos Mavropanos
D (C)","VfB Stuttgart
West Ham United",22-08-2023,€20M
123,"Prince Adegoke
GK","Chelsea
Charlton Athletic",01-07-2023,Free
124,"Tyler Adams
DM, M (C)","Leeds United
B'mouth",20-08-2023,€26.9M
125,"Sergi Canós
M (RL)","Brentford
Valencia",20-08-2023,€0.3M
126,"Aleksandar Mitrović
F (C)","Fulham
Al-Hilal",19-08-2023,€52.6M
127,"David Boateng
D (R)","C. Palace
AFC Croydon Athletic",01-07-2023,Free
128,"Joe Oliver
D, M (R)","Newcastle Utd.
Blyth Spartans AFC",18-08-2023,Free
129,"Lewis Richards
D (CL), M (L)","Wolverhampton
Bradford City",18-08-2023,€35K
130,"Roméo Lavia
DM, M (C)","Southampton
Chelsea",18-08-2023,€62.1M
131,"Wataru Endo
DM, M (C)","VfB Stuttgart
Liverpool",18-08-2023,€20M
132,"Arjan Raikhy
DM (RL), M (L)","Aston Villa
Leicester",01-07-2023,Free
133,"Tom Davies
M (C)","Everton
Sheff Utd",16-08-2023,Free
134,Jake O'Brien,"C. Palace
Lyon",15-08-2023,€1M
135,"Matej Kovar
GK","Man Utd
Bayer 04",15-08-2023,€5M
136,"Billy Sharp
F (C)","Sheff Utd
LA Galaxy",01-07-2023,Free
137,"Reece Hannam
D (L)","C. Palace
Stevenage",14-08-2023,Free
138,"James Ward-Prowse
M, DM (C)","Southampton
West Ham United",14-08-2023,€34.8M
139,"Moisés Caicedo
DM, M (C)","Brighton
Chelsea",14-08-2023,€116M
140,"Armstrong Oko-Flex
F (L)","West Ham United
Zurich",01-07-2023,Free
141,"Alex Oxlade-Chamberlain
M (C)","Liverpool
Besiktas",01-07-2023,Free
142,"Fred
M, DM (C)","Man Utd
Fenerbahce",11-08-2023,€9.7M
143,"Diego Costa
F (C)","Wolverhampton
Botafogo",12-08-2023,Free
144,"Adama Traoré
F, M (R)","Wolverhampton
Fulham",12-08-2023,Free
145,"Wilson Odobert
F (R), M (L)","Troyes
Burnley",12-08-2023,€12M
146,"Harry Kane
F (C)","Tottenham
Bayern",12-08-2023,€95M
147,"Gustavo Hamer
M (CL)","Coventry
Sheff Utd",12-08-2023,€17.3M
148,Matt Burgess,"B'mouth
Bognor Regis Town FC",11-08-2023,Free
149,"Noel Atom
D (CL), M (C)","RB Leipzig
Brighton",11-08-2023,Free
150,"Chermiti
F (C)","Sporting CP
Everton",11-08-2023,€12.5M
151,"Bryan Fiabema
F (C)","Chelsea
Real Sociedad",01-07-2023,Free
152,"Todd Miller
AM (CL), F (C)","Brighton
Bromley",10-08-2023,Free
153,"Max Aarons
D (R)","Norwich
B'mouth",10-08-2023,€8.1M
154,"Jacob Brown
F, AM (C), M (R)","Stoke City
Luton",10-08-2023,€2.9M
155,"Ivan Cavaleiro
M (L), F (C)","Fulham
Lille",10-08-2023,Free
156,"Edson Álvarez
DM, D (C)","Ajax
West Ham United",10-08-2023,€38M
157,"Alex Scott
M, DM, AM (C)","Bristol City
B'mouth",10-08-2023,€23M
158,"Fraser Alexander
DM (CR), M (C)","Ipswich Town
Bishop's Stortford FC",01-07-2023,Free
159,"Ross Barkley
M (C)","Nice
Luton",09-08-2023,Free
160,"Vini Souza
DM, M (C)","Lommel United
Sheff Utd",09-08-2023,€12.5M
161,"Matt Turner
GK","Arsenal
Nottingham",09-08-2023,€8.2M
162,"Sander Berge
M (C)","Sheff Utd
Burnley",09-08-2023,€13.9M
163,"Joel Ideho
F, M (L)","Arsenal
ADO Den Haag",01-07-2023,Free
164,"Michal Karbownik
M (C), D (L)","Brighton
Hertha BSC",08-08-2023,€2.5M
165,"Nikola Vlašić
AM (C)","West Ham United
Torino",08-08-2023,€10.6M
166,"Micky van de Ven
D (CL)","VfL Wolfsburg
Tottenham",08-08-2023,€40M
167,"Alejo Veliz
F (C)","Rosario
Tottenham",08-08-2023,€15M
168,"Tino Livramento
D (R)","Southampton
Newcastle Utd.",08-08-2023,€37.2M
169,"Zach Awe
D (C)","Arsenal
Southampton",01-07-2023,Free
170,"Luka Milivojevic
M, DM (C)","C. Palace
Shabab Al Ahli",01-07-2023,Free
171,"Brooklyn Genesini
D (R)","B'mouth
Swindon Town",07-08-2023,Free
172,"Joe Lumley
GK","Middlesbrough
Southampton",07-08-2023,Free
173,"Ainsley Maitland-Niles
D (R)","Arsenal
Lyon",07-08-2023,Free
174,"Gianluca Scamacca
F (C)","West Ham United
Atalanta",07-08-2023,€25.6M
175,"Henry Lawrence
D, M (R)","Chelsea
Standard",07-08-2023,Free
176,"Robert Sánchez
GK","Brighton
Chelsea",05-08-2023,€23M
177,"Yerry Mina
D (C)","Everton
Fiorentina",05-08-2023,Free
178,"Ashley Phillips
D (CR)","Blackburn
Tottenham",05-08-2023,€2.3M
179,"Matheus França
F (C)","Flamengo
C. Palace",05-08-2023,€20M
180,"Rasmus Højlund
F (C)","Atalanta
Man Utd",05-08-2023,€73.9M
181,"Josko Gvardiol
D (CL)","RB Leipzig
Man City",05-08-2023,€90M
182,"Harvey Woods
AM (C)","Southampton
FC Melksham Town",01-07-2023,Free
183,"Casey Pettit
DM, M (C)","Luton
Maidenhead United",04-08-2023,Free
184,"Axel Disasi
D (CR)","Monaco
Chelsea",04-08-2023,€45M
185,"Brooklyn Kabongolo
D (C)","Ipswich Town
Billericay Town",01-07-2023,Free
186,"Oludare Olufunwa
D (C)","Liverpool
St. Johnstone",01-07-2023,Free
187,"Jack Hodnett
M (C)","Wolverhampton
Shifnal Town",01-07-2023,Free
188,Sam Bentley,"Luton
St. Albans City",03-08-2023,Free
189,Carlos Forbs,"Man City
Ajax",03-08-2023,€14M
190,"Matija Sarkic
GK","Wolverhampton
Millwall",03-08-2023,€1.4M
191,"Auston Trusty
D (CL)","Arsenal
Sheff Utd",03-08-2023,€5.8M
192,"Thomas Kaminski
GK","Blackburn
Luton",03-08-2023,€2.9M
193,"Sam McClelland
D (CR)","Chelsea
St. Johnstone",01-07-2023,Free
194,"Lee Harkin
AM (L), F (C)","Wolverhampton
Coleraine",01-07-2023,Free
195,"Aaron Connolly
F (C)","Brighton
Hull City",02-08-2023,€1.4M
196,"Aaron Pressley
F (C)","Brentford
Stevenage",02-08-2023,Free
197,"Manuel Lanzini
AM, M (C)","West Ham United
River Plate",02-08-2023,Free
198,"Lucas Moura
M (CRL)","Tottenham
Sao Paulo",02-08-2023,Free
199,"Billy Fewster
M (R), DM (RL)","Nottingham
Alfreton Town",01-07-2023,Free
200,"Lewis Ridd
GK","Ipswich Town
Derby",01-08-2023,Free
201,"Freddie Bell
M (C)","C. Palace
Penn State Nittany Lions",01-08-2023,Free
202,Harrison Parker,"Man Utd
Man City",01-08-2023,€0.8M
203,"Marqes Muir
D (L)","Tottenham
Kentucky Wildcats (University of Kentucky)",01-08-2023,Free
204,"Braian Ojeda
M, DM (C)","Nottingham
Salt Lake",01-08-2023,€3.6M
205,"Chris Francis
D (CL)","B'mouth
C. Palace",01-08-2023,Free
206,"Iliman Ndiaye
F, AM (C)","Sheff Utd
Marseille",01-08-2023,€17M
207,"Luke Matheson
D (R)","Wolverhampton
Bolton Wanderers",01-08-2023,Free
208,"Mohammed Salisu
D (CL)","Southampton
Monaco",01-08-2023,€15M
209,"Lesley Ugochukwu
DM, M (C)","Stade Rennais
Chelsea",01-08-2023,€27M
210,"Jack Colback
DM (C), M (CL)","Nottingham
QPR",01-07-2023,Free
211,Callum Nicolson,"Luton
AFC Dunstable",31-07-2023,Free
212,"Tom Smith
GK","Arsenal
Colchester",31-07-2023,Free
213,"Ackeme Francis-Burrell
DM (R)","Wolverhampton
Stockport",31-07-2023,Free
214,"Di'Shon Bernard
D (C)","Man Utd
Sheff Wed",31-07-2023,Free
215,"Fabinho
DM, M (C)","Liverpool
Al-Ittihad",31-07-2023,€46.7M
216,"Stephy Mavididi
F, M (L)","Montpellier
Leicester",31-07-2023,€7.5M
217,"Conor Lawless
AM (C)","Luton
Dagenham",01-07-2023,Free
218,"Allan Saint-Maximin
F, M (L)","Newcastle Utd.
Al Ahli",30-07-2023,€27.2M
219,"Matthew Vigor
DM (L)","C. Palace
Cray Valley Paper Mills",01-07-2023,Free
220,"Karl Darlow
GK","Newcastle Utd.
Leeds United",29-07-2023,€0.4M
221,"Ryan Giles
D, AM (L)","Wolverhampton
Luton",28-07-2023,€5.9M
222,"Wesley Moraes
F (C)","Aston Villa
Stoke City",28-07-2023,Free
223,"Calvin Bassey
D (CL)","Ajax
Fulham",28-07-2023,€22.5M
224,"Riyad Mahrez
F, M (R)","Man City
Al Ahli",28-07-2023,€35M
225,"Fynn Talley
GK","Brighton
Peterborough",27-07-2023,Free
226,"Christos Kalogerakis
M (C)","Chelsea
Anderlecht",27-07-2023,Free
227,"Sami Tlemcani
GK","Chelsea
AEK",01-07-2023,Free
228,"Jordan Henderson
M (C)","Liverpool
Al-Ettifaq",27-07-2023,€14M
229,"Mohamed Elyounoussi
F (L), M (C)","Southampton
Kobenhavn",01-07-2023,Free
230,"Igor
D (CL)","Fiorentina
Brighton",26-07-2023,€16.2M
231,"Adedire Mebude
F (CR)","Man City
Westerlo",26-07-2023,€1.8M
232,"Matt Hall
GK","Southampton
Bristol Rovers",01-07-2023,Free
233,"Sam Surridge
F (C)","Nottingham
Nashville SC",25-07-2023,€5.8M
234,"Raúl Jiménez
F (C)","Wolverhampton
Fulham",25-07-2023,€6.4M
235,"Luca Koleosho
M (R)","Espanyol
Burnley",25-07-2023,€3M
236,"Anthony Elanga
F, M (R)","Man Utd
Nottingham",25-07-2023,€17.5M
237,"Taylor Perry
M (C)","Wolverhampton
Shrewsbury Town",24-07-2023,Free
238,"Carlos Mendes
F (R), M (L)","Luton
Bolton Wanderers",24-07-2023,€0.3M
239,"Wilfried Zaha
F, M (L)","C. Palace
Galatasaray",01-07-2023,Free
240,"Harvey Barnes
F, M, AM (L)","Leicester
Newcastle Utd.",23-07-2023,€44M
241,"Alex Telles
D (L)","Man Utd
Al-Nassr",23-07-2023,€4.6M
242,Bobby Thomas,"Burnley
Coventry",22-07-2023,€2.3M
243,"Moussa Diaby
F (CR), M (R)","Bayer 04
Aston Villa",22-07-2023,€55M
244,"Ola Aina
D (RL)","Torino
Nottingham",22-07-2023,Free
245,"Reda Khadra
M (L)","Brighton
Reims",21-07-2023,€1.9M
246,"Joe Pigott
F (C)","Ipswich Town
Leyton Orient",21-07-2023,Free
247,"Laurence Shala
GK","C. Palace
Wycombe",21-07-2023,Free
248,"Nathan Redmond
M (RL)","Besiktas
Burnley",21-07-2023,Free
249,"Pierre-Emerick Aubameyang
F (C)","Chelsea
Marseille",21-07-2023,Free
250,"Daniel Amartey
D (C)","Leicester
Besiktas",01-07-2023,Free
251,Harley Curtis,"Ipswich Town
Chesterfield",20-07-2023,Free
252,"Björn Hardley
D (C)","Man Utd
Utrecht",20-07-2023,Free
253,"Matt Doherty
D, M (R)","Atlético
Wolverhampton",20-07-2023,Free
254,"James Trafford
GK","Man City
Burnley",20-07-2023,€17.3M
255,"André Onana
GK","Inter
Man Utd",20-07-2023,€50.2M
256,"Marvelous Nakamba
DM, M (C)","Aston Villa
Luton",20-07-2023,€2.9M
257,"Milos Kerkez
D, M (L)","AZ
B'mouth",19-07-2023,€17.9M
258,"Zeki Amdouni
F, AM (C)","Basel
Burnley",19-07-2023,€18.6M
259,"Ethan Ampadu
DM, D (C)","Chelsea
Leeds United",19-07-2023,€8.1M
260,"Benjamin Mendy
D (L)","Man City
Lorient",19-07-2023,Free
261,"Bénie Traoré
F (C)","Hacken
Sheff Utd",18-07-2023,€4.6M
262,"Jonny Evans
D (C)","Leicester
Man Utd",18-07-2023,Free
263,Mads Hermansen,"Brondby
Leicester",18-07-2023,€7.7M
264,"Asmir Begovic
GK","Everton
QPR",17-07-2023,Free
265,"Mads Bidstrup
M, DM (C)","Brentford
RB Salzburg",17-07-2023,€6M
266,"Thanawat Suengchitthawon
AM, M (C)","Leicester
Muangthong (SCG) United",01-07-2023,Free
267,"Mipo Odubeko
F (C)","West Ham United
Maritimo",01-07-2023,Free
268,"Matthew Healy
M (C)","Ipswich Town
Boussu",01-07-2023,Free
269,"Iwan Roberts
M, AM (C)","Liverpool
Bala",15-07-2023,Free
270,"Dion Sanderson
D (C)","Wolverhampton
Birmingham City",15-07-2023,€2.3M
271,"Halil Dervisoglu
F, AM (C)","Brentford
Galatasaray",15-07-2023,€0.5M
272,"Declan Rice
DM, M (C)","West Ham United
Arsenal",15-07-2023,€116.6M
273,"Jack Bearne
M (R)","Liverpool
Greenock",01-07-2023,Free
274,"Deji Sotona
M (R)","Burnley
Doncaster Rovers",14-07-2023,Free
275,"Yangel Herrera
M, DM (C)","Man City
Girona",14-07-2023,€5M
276,"Jurrien Timber
D (CL)","Ajax
Arsenal",14-07-2023,€40M
277,"Tahith Chong
AM, M (C)","Birmingham City
Luton",14-07-2023,€4.7M
278,Nathan James,"Burnley
Barnsley",01-07-2023,Free
279,"Joel Valencia
M (CL)","Brentford
Zaglebie",01-07-2023,Free
280,"Ben Wilson
F (C)","Brighton
Cliftonville",13-07-2023,Free
281,"Kane Vincent-Young
D (R)","Ipswich Town
Wycombe",13-07-2023,Free
282,"Anis Slimane
M, AM (C)","Brondby
Sheff Utd",13-07-2023,€2.7M
283,"George Hirst
F (C)","Leicester
Ipswich Town",13-07-2023,€1.8M
284,"Romain Faivre
M (CR), AM (C)","Lyon
B'mouth",13-07-2023,€15M
285,"Christian Pulisic
F, M (R)","Chelsea
Milan",13-07-2023,€20M
286,"Ashley Young
D (RL)","Aston Villa
Everton",13-07-2023,Free
287,"Jordan Smith
GK","Nottingham
Stockport",01-07-2023,Free
288,Josh Swan,"Luton
Newport Pagnell Town FC",12-07-2023,Free
289,"Pau Torres
D (C)","Villarreal
Aston Villa",12-07-2023,€33M
290,"Shea Charles
DM, M (C)","Man City
Southampton",12-07-2023,€12.3M
291,"Junior Dixon
F, AM (C)","C. Palace
Birmingham City",01-07-2023,Free
292,"Ryan Manning
D (L)","Swansea
Southampton",11-07-2023,Free
293,"Manor Solomon
F, M (L)","Shakhtar D.
Tottenham",11-07-2023,Free
294,"Abdul Rahman Baba
D (L)","Chelsea
PAOK",10-07-2023,Free
295,"Ishé Samuels-Smith
D (CL), M (L)","Everton
Chelsea",08-07-2023,€4.7M
296,"Ben Pearson
DM, AM (C)","B'mouth
Stoke City",08-07-2023,€1.5M
297,"Neeskens Kebano
M (L)","Fulham
Al-Jazira",08-07-2023,Free
298,"Cafú
M, DM (C)","Nottingham
Rotherham",01-07-2023,Free
299,"Lorent Tolaj
F (C)","Brighton
Aldershot Town",07-07-2023,Free
300,"Charlie Wilson
D (CL)","Everton
Norwich",07-07-2023,Free
301,"Ryan Bartley
D, M (R)","C. Palace
Derby",07-07-2023,Free
302,"Morgan Rogers
M (CL)","Man City
Middlesbrough",07-07-2023,€1.2M
303,"Ellis Simms
F (C)","Everton
Coventry",07-07-2023,€7M
304,"Hayao Kawabe
M (C)","Wolverhampton
Standard",07-07-2023,€1.5M
305,"Sonny Bradley
D (C)","Luton
Derby",01-07-2023,Free
306,"Pontus Jansson
D (C)","Brentford
Malmo",01-07-2023,Free
307,Elijah Gift,"Liverpool
Athletic",06-07-2023,€0.8M
308,Freddie Cook,"Leicester
Cardiff City",06-07-2023,Free
309,"Josh McNamara
GK","Man City
Southampton",06-07-2023,Free
310,"César Azpilicueta
D (CR)","Chelsea
Atlético",06-07-2023,Free
311,"Granit Xhaka
DM, M (C)","Arsenal
Bayer 04",06-07-2023,€15M
312,"Ayoze Pérez
F, M (L)","Leicester
Real Betis",06-07-2023,Free
313,"Mason Mount
M (C), AM (CL)","Chelsea
Man Utd",05-07-2023,€64.2M
314,"Çağlar Söyüncü
D (C)","Leicester
Atlético",05-07-2023,Free
315,"Enda Stevens
D, M (L)","Sheff Utd
Stoke City",05-07-2023,Free
316,"Derrick Abu
D (R)","Chelsea
Southampton",01-07-2023,Free
317,"Maliq Cadogan
AM (RL)","C. Palace
Swansea",04-07-2023,Free
318,"Alex Gilbert
F (L)","Brentford
Middlesbrough",04-07-2023,Free
319,"Roberto Firmino
F, M (C)","Liverpool
Al Ahli",04-07-2023,Free
320,"Nathan Collins
D (CRL)","Wolverhampton
Brentford",04-07-2023,€26.9M
321,"Richard Keogh
D (C)","Ipswich Town
Wycombe",01-07-2023,Free
322,"Bart Verbruggen
GK","Anderlecht
Brighton",03-07-2023,€20M
323,"Rico Richards
M (L), AM (C)","West Bromwich
Aston Villa",03-07-2023,Free
324,"Sandro Tonali
M, DM (C)","Milan
Newcastle Utd.",03-07-2023,€64M
325,"Lewis Gibson
D (CL)","Everton
Plymouth",03-07-2023,Free
326,Theo Williams,"Sheff Utd
Fleetwood",02-07-2023,Free
327,"Dominik Szoboszlai
M (C), AM (CL)","RB Leipzig
Liverpool",02-07-2023,€70M
328,"Teodor Minchev
D (C)","Arsenal
Swansea",01-07-2023,Free
329,"Manni Norkett
F (C), M (R)","Man Utd
Nottingham",01-07-2023,Free
330,"Isaac Westendorf
F (C)","Newcastle Utd.
Larne",01-07-2023,Free
331,"Ronny Nelson
D (C)","Leicester
Colchester",01-07-2023,Free
332,Tarik Gidaree,"B'mouth
Harrow Borough FC",01-07-2023,Free
333,Osa Solomon,"Nottingham
Grantham Town",01-07-2023,Free
334,"João Pedro
F, M, AM (C)","Watford
Brighton",01-07-2023,€34.2M
335,"Mahmoud Dahoud
M, DM (C)","Dortmund
Brighton",01-07-2023,Free
336,"James Milner
M (C), D (R)","Liverpool
Brighton",01-07-2023,Free
337,"Alexis Mac Allister
M, AM (C)","Brighton
Liverpool",01-07-2023,€42M
338,"Haydon Roberts
D (L)","Brighton
Bristol City",01-07-2023,Free
339,"Jack Spong
DM (CRL)","Brighton
Queen's",01-07-2023,Free
340,"Teddy Jenks
M (C)","Brighton
Forest",01-07-2023,Free
341,"Antef Tsoungui
D (C)","Brighton
Feyenoord",01-07-2023,Free
342,"Josh Lane
GK","Aston Villa
Robert Morris Colonials (Robert Morris University)",01-07-2023,Free
343,"Matheus Cunha
F (C)","Atlético
Wolverhampton",01-07-2023,€50M
344,"Nahuel Bustos
F, M (C)","Man City
Talleres",01-07-2023,Free
345,"Harry Wright
D, M (C)","Everton
Fleetwood",01-07-2023,Free
346,"Rekeem Harper
M, DM (C)","Ipswich Town
Burton Albion",01-07-2023,Free
347,"Finlay Armstrong
D (L)","Burnley
Fleetwood",01-07-2023,Free
348,"Harry Winks
DM, M (C)","Tottenham
Leicester",01-07-2023,€11.6M
349,"Conor Coady
D (C)","Wolverhampton
Leicester",01-07-2023,€8.7M
350,"Diego Manuel Jadon da Silva Moreira
AM (RL), D (L)","Benfica
Chelsea",01-07-2023,Free
351,"Joe Bryan
D, M (L)","Fulham
Millwall",01-07-2023,Free
352,"Ethan Laird
D (R)","Man Utd
Birmingham City",01-07-2023,€0.9M
353,"Nicolas Jackson
F (C)","Villarreal
Chelsea",01-07-2023,€37M
354,"Ruben Loftus-Cheek
M, DM, AM (C)","Chelsea
Milan",01-07-2023,€18.5M
355,"Ethan Galbraith
M, AM (C), D (R)","Man Utd
Leyton Orient",01-07-2023,Free
356,Karl Daley,"Leicester
Leighton Town",01-07-2023,Free
357,"Romaine Mundle
F (L)","Tottenham
Standard",01-07-2023,Free
358,"Kai Havertz 
F, M (C)","Chelsea
Arsenal",01-07-2023,€75M
359,"James Maddison
AM, M (C)","Leicester
Tottenham",01-07-2023,€46.3M
360,"Edouard Mendy
GK","Chelsea
Al Ahli",01-07-2023,€18.5M
361,"Mislav Orsic
F, M (L)","Southampton
Trabzonspor",01-07-2023,€2.4M
362,"Jack Turner
M (C)","Southampton
Queen's",01-07-2023,Free
363,"Chiedozie Ogbene
F, M (R), AM (C)","Rotherham
Luton",01-07-2023,Free
364,"Guglielmo Vicario
GK","Empoli
Tottenham",01-07-2023,€18.5M
365,"Mateo Kovacic
M, DM (C)","Chelsea
Man City",01-07-2023,€29.1M
366,Harry Isted,"Luton
Charlton Athletic",01-07-2023,Free
367,"Zidane Iqbal
M, DM (C)","Man Utd
Utrecht",01-07-2023,€1M
368,"Ethan Wady
GK","Chelsea
Millwall",01-07-2023,Free
369,"Dan Nlundulu
F (C)","Southampton
Bolton Wanderers",01-07-2023,Free
370,"İlkay Gündoğan
M (C)","Man City
Barcelona",01-07-2023,Free
371,"Kalidou Koulibaly
D (C)","Chelsea
Al-Hilal",01-07-2023,€23M
372,"Lewis Thomas
GK","Burnley
Harrogate",01-07-2023,Free
373,"Dara O'Shea
D (C)","West Bromwich
Burnley",01-07-2023,€7.8M
374,"Justin Kluivert
M (CL)","Roma
B'mouth",01-07-2023,€10.8M
375,"Rúben Neves
DM, M (C)","Wolverhampton
Al-Hilal",01-07-2023,€55M
376,"Nathan Baxter
GK","Chelsea
Bolton Wanderers",01-07-2023,Free
377,"Lukas Jensen
GK","Burnley
Lincoln",01-07-2023,Free
378,"N'Golo Kanté
DM, M (C)","Chelsea
Al-Ittihad",01-07-2023,Free
379,"Christopher Nkunku
F (C), M (CL)","RB Leipzig
Chelsea",01-07-2023,€60M
380,"Will Tizzard
D (C)","Southampton
Queen's",01-07-2023,Free
381,"Matt Smith
M, DM (C)","Arsenal
Wigan",01-07-2023,Free
382,"Tom Bloxham
F (L)","Tottenham
Blackburn",01-07-2023,Free
383,"Will Norris
GK","Burnley
Portsmouth",01-07-2023,Free
384,"Charlie Hayes-Green
M, D (C)","Liverpool
Bolton Wanderers",01-07-2023,Free
385,"Daniel Quick
D (CR)","C. Palace
Eastbourne Borough",01-07-2023,Free
386,"Harry Barclay
D (CR)","Newcastle Utd.
AFC Blyth",01-07-2023,Free
387,"Dejan Kulusevski
AM (C), M (CR)","Juventus
Tottenham",01-07-2023,€30M
388,"Ziyad Larkeche
D, M (L)","Fulham
QPR",01-07-2023,Free
389,"Will Brook
GK","Leeds United
Nottingham",01-07-2023,Free
390,"Yankuba Minteh
F, M (R)","Odense
Newcastle Utd.",01-07-2023,€8M
391,"Kevin Schade
AM, F (L)","SC Freiburg
Brentford",01-07-2023,€25M
392,"Youri Tielemans
M, DM (C)","Leicester
Aston Villa",01-07-2023,Free
393,"Isaac Price
M (CR)","Everton
Standard",01-07-2023,Free
394,"Naby Keïta
M (C)","Liverpool
Werder",01-07-2023,Free
395,"Shane Duffy
D (C)","Fulham
Norwich",01-07-2023,Free
396,"Terrell Agyemang
M (CL)","Man City
Middlesbrough",01-07-2023,Free
397,"Michael Agboola
D (R)","Wolverhampton
Hullbridge Sports FC",01-07-2023,Free
398,"Jack Scott
M (C), DM (R)","Wolverhampton
Linfield",01-07-2023,Free
399,"Paulo Gazzaniga
GK","Fulham
Girona",01-07-2023,Free
400,"Jack Butland
GK","C. Palace
Rangers",01-07-2023,Free
401,"Jefferson Lerma
DM, M (C)","B'mouth
C. Palace",01-07-2023,Free
402,"Nicky Hogarth
GK","Nottingham
Falkirk",01-07-2023,Free
403,"Roco Rees
GK","Brentford
Worthing FC",01-07-2023,Free
404,"Dujon Sterling
D (RL)","Chelsea
Rangers",01-07-2023,Free
405,"Josh Neufville
GK","Luton
Wimbledon",01-07-2023,Free
406,"Josh Williams
M (L), D (CL)","Luton
Hemel Hempstead Town",01-07-2023,Free
407,Lachlan Brook,"Brentford
West Sydney",01-07-2023,Free
408,"Lewis Salmon
F (RL), AM (L)","Nottingham
Alfreton Town",01-07-2023,Free
409,"Joseph Peter McFlynn
F (RL)","Burnley
Hamilton",01-07-2023,Free
410,"Joel Coleman
GK","Ipswich Town
Bolton Wanderers",01-07-2023,Free
411,"Niels Nkounkou
D, M (L)","Everton
Saint-Etienne",01-07-2023,€2M
412,"Jack Stacey
D (R)","B'mouth
Norwich",01-07-2023,Free
413,"Mark Flekken
GK","SC Freiburg
Brentford",01-07-2023,€13M
414,"Michael Obafemi
F (C)","Swansea
Burnley",01-07-2023,€4M
415,"Ashley Barnes
F, M (C)","Burnley
Norwich",01-07-2023,Free
416,"Chris Wood
F (CRL)","Newcastle Utd.
Nottingham",01-07-2023,€17M
417,"Jordan Beyer
D (C)","Gladbach
Burnley",01-07-2023,€15M
418,"Alex Matos
M (C)","Norwich
Chelsea",01-07-2023,Free
419,"Hamed Junior Traoré
AM (C), M (CL)","Sassuolo
B'mouth",01-07-2023,€25.6M
420,"Pablo Marí
D (C)","Arsenal
Monza",01-07-2023,€6.2M
421,"Arthur Masuaku
D (L)","West Ham United
Besiktas",01-07-2023,€2M
422,"Jordan Zemura
D, M (L)","B'mouth
Udinese",01-07-2023,Free
423,"Sylvester Jasper
F (L), M (R)","Fulham
Portimonense",01-07-2023,Free
424,"Pedro Porro
D (R)","Sporting CP
Tottenham",01-07-2023,€40M
425,"Boubacar Traoré
DM, F (C)","Metz
Wolverhampton",01-07-2023,€11M
426,"Moise Kean
F (C)","Everton
Juventus",01-07-2023,€30M
