Player,From / To,Date,Price
Demi Akarakiri,Arsenal / Everton,12-04-2024,0.0
Kain Ryan,Brighton / Coventry,11-03-2024,0.0
Nicksoen Gomis,Sheff Utd / Toronto,23-02-2024,0.0
Richie Laryea,Nottingham / Toronto,23-02-2024,700000.0
Bruno Jordão,Wolverhampton / Radomiak,06-02-2024,0.0
Charlie Wiggett,Newcastle Utd. / Sligo,02-02-2024,0.0
Serge Aurier,Nottingham / Galatasaray,02-02-2024,100000.0
Alfie Harrison,Man City / Newcastle Utd.,01-02-2024,1000000.0
Bertrand Traoré,Aston Villa / Villarreal,01-02-2024,0.0
Matz Sels,Strasbourg / Nottingham,01-02-2024,8000000.0
John Fleck,Sheff Utd / Blackburn,01-02-2024,0.0
Thierry Small,Southampton / Charlton Athletic,01-02-2024,0.0
Adam Wharton,Blackburn / C. Palace,01-02-2024,21100000.0
Joe Gauci,Adelaide / Aston Villa,01-02-2024,1500000.0
Theo Corbeanu,Wolverhampton / Granada,01-02-2024,1500000.0
Morgan Rogers,Middlesbrough / Aston Villa,01-02-2024,9400000.0
Pablo Fornals,West Ham United / Real Betis,01-02-2024,8000000.0
Isak Hansen-Aarøen,Man Utd / Werder,01-02-2024,300000.0
Rúnar Alex Rúnarsson,Arsenal / Kobenhavn,01-02-2024,0.0
Miguel Azeez,Arsenal / At. Baleares,01-02-2024,0.0
Hugo Lloris,Tottenham / LAFC,31-01-2024,0.0
Zack Steffen,Man City / Colorado,31-01-2024,0.0
Daniel Muñoz,Genk / C. Palace,30-01-2024,8000000.0
Daiki Hashioka,Sint-Truiden / Luton,30-01-2024,2000000.0
Jonny Otto,Wolverhampton / PAOK,26-01-2024,0.0
Hákon Rafn Valdimarsson,Elfsborg / Brentford,26-01-2024,3000000.0
Ivo Grbic,Atlético / Sheff Utd,26-01-2024,2500000.0
Sam Curtis,St Patrick`s / Sheff Utd,25-01-2024,0.0
Claudio Echeverri,River Plate / Man City,25-01-2024,18500000.0
Jez Davies,Burnley / Salford,24-01-2024,0.0
Billy Bates,West Ham United / Cheshunt FC,23-01-2024,0.0
Kosta Nedeljkovic,Crvena Zvezda / Aston Villa,22-01-2024,7600000.0
Javier Manquillo,Newcastle Utd. / Celta,21-01-2024,0.0
Valentín Barco,Boca Juniors / Brighton,20-01-2024,9200000.0
Archie Woods,West Ham United / Dubai City FC,19-01-2024,0.0
Slobodan Tedic,Man City / Cukaricki,19-01-2024,0.0
Mateo Mejía,Man Utd / Sevilla,18-01-2024,0.0
Kyle Edwards,Ipswich Town / Oxford,16-01-2024,0.0
Caolan McBride,Aston Villa / Newington FC,13-01-2024,0.0
Conor Coventry,West Ham United / Charlton Athletic,12-01-2024,1200000.0
Yunus Emre Konak,Sivasspor / Brentford,11-01-2024,4500000.0
Radu Drăgușin,Genoa / Tottenham,11-01-2024,25000000.0
Gustavo Scarpa,Nottingham / Atletico Mineiro,11-01-2024,5000000.0
Finn Azaz,Aston Villa / Middlesbrough,05-01-2024,2900000.0
Nahuel Ferraresi,Man City / Sao Paulo,01-01-2024,4300000.0
Ethan Fitzhugh,Leicester / Banbury United,04-01-2024,0.0
Adrian Mazilu,Viitorul / Brighton,01-01-2024,3000000.0
Jean-Pierre Tiéhi,Fulham / AEK,01-07-2023,0.0
Evan Easton,Celtic / Sheff Utd,11-09-2023,0.0
Marcelo Flores,Arsenal / Tigres,10-09-2023,800000.0
Nicolas Pépé,Arsenal / Trabzonspor,08-09-2023,0.0
Christian Marques,Wolverhampton / Yverdon,07-09-2023,0.0
Demarai Gray,Everton / Al-Ettifaq,07-09-2023,9300000.0
Moussa Djenepo,Southampton / Standard,05-09-2023,3500000.0
Andi Zeqiri,Brighton / Genk,05-09-2023,2800000.0
Declan Frith,Aston Villa / Valencia,04-09-2023,0.0
Eric Bailly,Man Utd / Besiktas,04-09-2023,0.0
Davinson Sánchez,Tottenham / Galatasaray,04-09-2023,9500000.0
Dylan Scicluna,Wolverhampton / West Sydney,03-09-2023,0.0
Anthony Knockaert,Fulham / Valenciennes,02-09-2023,0.0
Malik Mothersille,Chelsea / Peterborough,01-09-2023,0.0
Alex Gibson-Hammond,Nottingham / Derby,01-09-2023,0.0
Vicente Guaita,C. Palace / Celta,01-09-2023,0.0
Kalani Barton,C. Palace / Leatherhead FC,01-09-2023,0.0
Tom Cannon,Everton / Leicester,01-09-2023,8800000.0
Jaden Philogene,Aston Villa / Hull City,01-09-2023,5800000.0
Andrew Omobamidele,Norwich / Nottingham,01-09-2023,12900000.0
Nicolás Domínguez,Bologna / Nottingham,01-09-2023,10000000.0
Jean-Ricner Bellegarde,Strasbourg / Wolverhampton,01-09-2023,15000000.0
Ross Stewart,Sunderland / Southampton,01-09-2023,9300000.0
Alex Iwobi,Everton / Fulham,01-09-2023,25700000.0
Ibrahim Sangaré,PSV / Nottingham,01-09-2023,35000000.0
Rob Holding,Arsenal / C. Palace,01-09-2023,1200000.0
Brennan Johnson,Nottingham / Tottenham,01-09-2023,55000000.0
Odysseas Vlachodimos,Benfica / Nottingham,01-09-2023,4900000.0
Ryan Gravenberch,Bayern / Liverpool,01-09-2023,40000000.0
Cole Palmer,Man City / Chelsea,01-09-2023,47000000.0
Callum Hudson-Odoi,Chelsea / Nottingham,01-09-2023,3500000.0
Altay Bayindir,Fenerbahce / Man Utd,01-09-2023,5000000.0
Keinan Davis,Aston Villa / Udinese,01-09-2023,2300000.0
Matheus Nunes,Wolverhampton / Man City,01-09-2023,62000000.0
Mikki van Sas,Man City / Feyenoord,01-07-2023,0.0
Brad Young,Aston Villa / The New Saints,01-07-2023,0.0
Silko Thomas,Chelsea / Leicester,01-07-2023,0.0
Jamal Baptiste,West Ham United / Man City,01-07-2023,0.0
Jayden Wareham,Chelsea / Reading,01-07-2023,0.0
Charlie Wellens,Man Utd / Reading,01-07-2023,0.0
Murillo,Corinthians / Nottingham,31-08-2023,12000000.0
Han-Noah Massengo,Bristol City / Burnley,31-08-2023,0.0
Santiago Bueno,Girona / Wolverhampton,31-08-2023,12000000.0
Tiemoué Bakayoko,Chelsea / Lorient,31-08-2023,0.0
Andy Irving,Austria / West Ham United,31-08-2023,1800000.0
Dean Henderson,Man Utd / C. Palace,31-08-2023,17500000.0
Toby Bull,Brighton / Eastbourne Town,30-08-2023,0.0
Steven Benda,Swansea / Fulham,30-08-2023,900000.0
Folarin Balogun,Arsenal / Monaco,30-08-2023,30000000.0
Beto,Udinese / Everton,29-08-2023,25000000.0
Carlos Baleba,Lille / Brighton,29-08-2023,27000000.0
Timothy Castagne,Leicester / Fulham,29-08-2023,13000000.0
Roy Syla,Brentford / Ayr United,01-07-2023,0.0
Dan Langley,Newcastle Utd. / Blyth Spartans AFC,28-08-2023,0.0
Cameron Archer,Aston Villa / Sheff Utd,27-08-2023,21600000.0
Nathan Tella,Southampton / Bayer 04,27-08-2023,23300000.0
Mohammed Kudus,Ajax / West Ham United,27-08-2023,43000000.0
Steven Sessegnon,Fulham / Wigan,26-08-2023,0.0
Djordje Petrovic,New England Rev. / Chelsea,26-08-2023,16000000.0
Avan Jones,Luton / Chesham United,01-07-2023,0.0
Kane Draper,Nottingham / Pontypridd United,25-08-2023,0.0
Terell Pennant,Leicester / Coalville Town,25-08-2023,0.0
Mohamed Dräger,Nottingham / Basel,25-08-2023,400000.0
João Moutinho,Wolverhampton / Sporting Braga,01-07-2023,0.0
Ruben Shakpoke,Aston Villa / West Bromwich,24-08-2023,0.0
Noam Emeran,Man Utd / Groningen,24-08-2023,0.0
Roshaun Mathurin,Tottenham / C. Palace,24-08-2023,0.0
David Omilabu,C. Palace / Maidenhead United,24-08-2023,0.0
Jérémy Doku,Stade Rennais / Man City,24-08-2023,60000000.0
Aymeric Laporte,Man City / Al-Nassr,24-08-2023,27500000.0
Matt Everitt,Brighton / Dorking Wanderers,01-07-2023,0.0
Sam Bellis,Southampton / Barrow,23-08-2023,0.0
Rowan McDonald,Man City / Waterford,01-07-2023,0.0
Aaron Ramsey,Aston Villa / Burnley,22-08-2023,16500000.0
Hannes Delcroix,Anderlecht / Burnley,22-08-2023,3000000.0
Konstantinos Mavropanos,VfB Stuttgart / West Ham United,22-08-2023,20000000.0
Prince Adegoke,Chelsea / Charlton Athletic,01-07-2023,0.0
Tyler Adams,Leeds United / B'mouth,20-08-2023,26900000.0
Sergi Canós,Brentford / Valencia,20-08-2023,300000.0
Aleksandar Mitrović,Fulham / Al-Hilal,19-08-2023,52600000.0
David Boateng,C. Palace / AFC Croydon Athletic,01-07-2023,0.0
Joe Oliver,Newcastle Utd. / Blyth Spartans AFC,18-08-2023,0.0
Lewis Richards,Wolverhampton / Bradford City,18-08-2023,35000.0
Roméo Lavia,Southampton / Chelsea,18-08-2023,62100000.0
Wataru Endo,VfB Stuttgart / Liverpool,18-08-2023,20000000.0
Arjan Raikhy,Aston Villa / Leicester,01-07-2023,0.0
Tom Davies,Everton / Sheff Utd,16-08-2023,0.0
Jake O'Brien,C. Palace / Lyon,15-08-2023,1000000.0
Matej Kovar,Man Utd / Bayer 04,15-08-2023,5000000.0
Billy Sharp,Sheff Utd / LA Galaxy,01-07-2023,0.0
Reece Hannam,C. Palace / Stevenage,14-08-2023,0.0
James Ward-Prowse,Southampton / West Ham United,14-08-2023,34800000.0
Moisés Caicedo,Brighton / Chelsea,14-08-2023,116000000.0
Armstrong Oko-Flex,West Ham United / Zurich,01-07-2023,0.0
Alex Oxlade-Chamberlain,Liverpool / Besiktas,01-07-2023,0.0
Fred,Man Utd / Fenerbahce,11-08-2023,9700000.0
Diego Costa,Wolverhampton / Botafogo,12-08-2023,0.0
Adama Traoré,Wolverhampton / Fulham,12-08-2023,0.0
Wilson Odobert,Troyes / Burnley,12-08-2023,12000000.0
Harry Kane,Tottenham / Bayern,12-08-2023,95000000.0
Gustavo Hamer,Coventry / Sheff Utd,12-08-2023,17300000.0
Matt Burgess,B'mouth / Bognor Regis Town FC,11-08-2023,0.0
Noel Atom,RB Leipzig / Brighton,11-08-2023,0.0
Chermiti,Sporting CP / Everton,11-08-2023,12500000.0
Bryan Fiabema,Chelsea / Real Sociedad,01-07-2023,0.0
Todd Miller,Brighton / Bromley,10-08-2023,0.0
Max Aarons,Norwich / B'mouth,10-08-2023,8100000.0
Jacob Brown,Stoke City / Luton,10-08-2023,2900000.0
Ivan Cavaleiro,Fulham / Lille,10-08-2023,0.0
Edson Álvarez,Ajax / West Ham United,10-08-2023,38000000.0
Alex Scott,Bristol City / B'mouth,10-08-2023,23000000.0
Fraser Alexander,Ipswich Town / Bishop's Stortford FC,01-07-2023,0.0
Ross Barkley,Nice / Luton,09-08-2023,0.0
Vini Souza,Lommel United / Sheff Utd,09-08-2023,12500000.0
Matt Turner,Arsenal / Nottingham,09-08-2023,8199999.999999999
Sander Berge,Sheff Utd / Burnley,09-08-2023,13900000.0
Joel Ideho,Arsenal / ADO Den Haag,01-07-2023,0.0
Michal Karbownik,Brighton / Hertha BSC,08-08-2023,2500000.0
Nikola Vlašić,West Ham United / Torino,08-08-2023,10600000.0
Micky van de Ven,VfL Wolfsburg / Tottenham,08-08-2023,40000000.0
Alejo Veliz,Rosario / Tottenham,08-08-2023,15000000.0
Tino Livramento,Southampton / Newcastle Utd.,08-08-2023,37200000.0
Zach Awe,Arsenal / Southampton,01-07-2023,0.0
Luka Milivojevic,C. Palace / Shabab Al Ahli,01-07-2023,0.0
Brooklyn Genesini,B'mouth / Swindon Town,07-08-2023,0.0
Joe Lumley,Middlesbrough / Southampton,07-08-2023,0.0
Ainsley Maitland-Niles,Arsenal / Lyon,07-08-2023,0.0
Gianluca Scamacca,West Ham United / Atalanta,07-08-2023,25600000.0
Henry Lawrence,Chelsea / Standard,07-08-2023,0.0
Robert Sánchez,Brighton / Chelsea,05-08-2023,23000000.0
Yerry Mina,Everton / Fiorentina,05-08-2023,0.0
Ashley Phillips,Blackburn / Tottenham,05-08-2023,2300000.0
Matheus França,Flamengo / C. Palace,05-08-2023,20000000.0
Rasmus Højlund,Atalanta / Man Utd,05-08-2023,73900000.0
Josko Gvardiol,RB Leipzig / Man City,05-08-2023,90000000.0
Harvey Woods,Southampton / FC Melksham Town,01-07-2023,0.0
Casey Pettit,Luton / Maidenhead United,04-08-2023,0.0
Axel Disasi,Monaco / Chelsea,04-08-2023,45000000.0
Brooklyn Kabongolo,Ipswich Town / Billericay Town,01-07-2023,0.0
Oludare Olufunwa,Liverpool / St. Johnstone,01-07-2023,0.0
Jack Hodnett,Wolverhampton / Shifnal Town,01-07-2023,0.0
Sam Bentley,Luton / St. Albans City,03-08-2023,0.0
Carlos Forbs,Man City / Ajax,03-08-2023,14000000.0
Matija Sarkic,Wolverhampton / Millwall,03-08-2023,1400000.0
Auston Trusty,Arsenal / Sheff Utd,03-08-2023,5800000.0
Thomas Kaminski,Blackburn / Luton,03-08-2023,2900000.0
Sam McClelland,Chelsea / St. Johnstone,01-07-2023,0.0
Lee Harkin,Wolverhampton / Coleraine,01-07-2023,0.0
Aaron Connolly,Brighton / Hull City,02-08-2023,1400000.0
Aaron Pressley,Brentford / Stevenage,02-08-2023,0.0
Manuel Lanzini,West Ham United / River Plate,02-08-2023,0.0
Lucas Moura,Tottenham / Sao Paulo,02-08-2023,0.0
Billy Fewster,Nottingham / Alfreton Town,01-07-2023,0.0
Lewis Ridd,Ipswich Town / Derby,01-08-2023,0.0
Freddie Bell,C. Palace / Penn State Nittany Lions,01-08-2023,0.0
Harrison Parker,Man Utd / Man City,01-08-2023,800000.0
Marqes Muir,Tottenham / Kentucky Wildcats (University of Kentucky),01-08-2023,0.0
Braian Ojeda,Nottingham / Salt Lake,01-08-2023,3600000.0
Chris Francis,B'mouth / C. Palace,01-08-2023,0.0
Iliman Ndiaye,Sheff Utd / Marseille,01-08-2023,17000000.0
Luke Matheson,Wolverhampton / Bolton Wanderers,01-08-2023,0.0
Mohammed Salisu,Southampton / Monaco,01-08-2023,15000000.0
Lesley Ugochukwu,Stade Rennais / Chelsea,01-08-2023,27000000.0
Jack Colback,Nottingham / QPR,01-07-2023,0.0
Callum Nicolson,Luton / AFC Dunstable,31-07-2023,0.0
Tom Smith,Arsenal / Colchester,31-07-2023,0.0
Ackeme Francis-Burrell,Wolverhampton / Stockport,31-07-2023,0.0
Di'Shon Bernard,Man Utd / Sheff Wed,31-07-2023,0.0
Fabinho,Liverpool / Al-Ittihad,31-07-2023,46700000.0
Stephy Mavididi,Montpellier / Leicester,31-07-2023,7500000.0
Conor Lawless,Luton / Dagenham,01-07-2023,0.0
Allan Saint-Maximin,Newcastle Utd. / Al Ahli,30-07-2023,27200000.0
Matthew Vigor,C. Palace / Cray Valley Paper Mills,01-07-2023,0.0
Karl Darlow,Newcastle Utd. / Leeds United,29-07-2023,400000.0
Ryan Giles,Wolverhampton / Luton,28-07-2023,5900000.0
Wesley Moraes,Aston Villa / Stoke City,28-07-2023,0.0
Calvin Bassey,Ajax / Fulham,28-07-2023,22500000.0
Riyad Mahrez,Man City / Al Ahli,28-07-2023,35000000.0
Fynn Talley,Brighton / Peterborough,27-07-2023,0.0
Christos Kalogerakis,Chelsea / Anderlecht,27-07-2023,0.0
Sami Tlemcani,Chelsea / AEK,01-07-2023,0.0
Jordan Henderson,Liverpool / Al-Ettifaq,27-07-2023,14000000.0
Mohamed Elyounoussi,Southampton / Kobenhavn,01-07-2023,0.0
Igor,Fiorentina / Brighton,26-07-2023,16200000.0
Adedire Mebude,Man City / Westerlo,26-07-2023,1800000.0
Matt Hall,Southampton / Bristol Rovers,01-07-2023,0.0
Sam Surridge,Nottingham / Nashville SC,25-07-2023,5800000.0
Raúl Jiménez,Wolverhampton / Fulham,25-07-2023,6400000.0
Luca Koleosho,Espanyol / Burnley,25-07-2023,3000000.0
Anthony Elanga,Man Utd / Nottingham,25-07-2023,17500000.0
Taylor Perry,Wolverhampton / Shrewsbury Town,24-07-2023,0.0
Carlos Mendes,Luton / Bolton Wanderers,24-07-2023,300000.0
Wilfried Zaha,C. Palace / Galatasaray,01-07-2023,0.0
Harvey Barnes,Leicester / Newcastle Utd.,23-07-2023,44000000.0
Alex Telles,Man Utd / Al-Nassr,23-07-2023,4600000.0
Bobby Thomas,Burnley / Coventry,22-07-2023,2300000.0
Moussa Diaby,Bayer 04 / Aston Villa,22-07-2023,55000000.0
Ola Aina,Torino / Nottingham,22-07-2023,0.0
Reda Khadra,Brighton / Reims,21-07-2023,1900000.0
Joe Pigott,Ipswich Town / Leyton Orient,21-07-2023,0.0
Laurence Shala,C. Palace / Wycombe,21-07-2023,0.0
Nathan Redmond,Besiktas / Burnley,21-07-2023,0.0
Pierre-Emerick Aubameyang,Chelsea / Marseille,21-07-2023,0.0
Daniel Amartey,Leicester / Besiktas,01-07-2023,0.0
Harley Curtis,Ipswich Town / Chesterfield,20-07-2023,0.0
Björn Hardley,Man Utd / Utrecht,20-07-2023,0.0
Matt Doherty,Atlético / Wolverhampton,20-07-2023,0.0
James Trafford,Man City / Burnley,20-07-2023,17300000.0
André Onana,Inter / Man Utd,20-07-2023,50200000.0
Marvelous Nakamba,Aston Villa / Luton,20-07-2023,2900000.0
Milos Kerkez,AZ / B'mouth,19-07-2023,17900000.0
Zeki Amdouni,Basel / Burnley,19-07-2023,18600000.0
Ethan Ampadu,Chelsea / Leeds United,19-07-2023,8100000.0
Benjamin Mendy,Man City / Lorient,19-07-2023,0.0
Bénie Traoré,Hacken / Sheff Utd,18-07-2023,4600000.0
Jonny Evans,Leicester / Man Utd,18-07-2023,0.0
Mads Hermansen,Brondby / Leicester,18-07-2023,7700000.0
Asmir Begovic,Everton / QPR,17-07-2023,0.0
Mads Bidstrup,Brentford / RB Salzburg,17-07-2023,6000000.0
Thanawat Suengchitthawon,Leicester / Muangthong (SCG) United,01-07-2023,0.0
Mipo Odubeko,West Ham United / Maritimo,01-07-2023,0.0
Matthew Healy,Ipswich Town / Boussu,01-07-2023,0.0
Iwan Roberts,Liverpool / Bala,15-07-2023,0.0
Dion Sanderson,Wolverhampton / Birmingham City,15-07-2023,2300000.0
Halil Dervisoglu,Brentford / Galatasaray,15-07-2023,500000.0
Declan Rice,West Ham United / Arsenal,15-07-2023,116600000.0
Jack Bearne,Liverpool / Greenock,01-07-2023,0.0
Deji Sotona,Burnley / Doncaster Rovers,14-07-2023,0.0
Yangel Herrera,Man City / Girona,14-07-2023,5000000.0
Jurrien Timber,Ajax / Arsenal,14-07-2023,40000000.0
Tahith Chong,Birmingham City / Luton,14-07-2023,4700000.0
Nathan James,Burnley / Barnsley,01-07-2023,0.0
Joel Valencia,Brentford / Zaglebie,01-07-2023,0.0
Ben Wilson,Brighton / Cliftonville,13-07-2023,0.0
Kane Vincent-Young,Ipswich Town / Wycombe,13-07-2023,0.0
Anis Slimane,Brondby / Sheff Utd,13-07-2023,2700000.0
George Hirst,Leicester / Ipswich Town,13-07-2023,1800000.0
Romain Faivre,Lyon / B'mouth,13-07-2023,15000000.0
Christian Pulisic,Chelsea / Milan,13-07-2023,20000000.0
Ashley Young,Aston Villa / Everton,13-07-2023,0.0
Jordan Smith,Nottingham / Stockport,01-07-2023,0.0
Josh Swan,Luton / Newport Pagnell Town FC,12-07-2023,0.0
Pau Torres,Villarreal / Aston Villa,12-07-2023,33000000.0
Shea Charles,Man City / Southampton,12-07-2023,12300000.0
Junior Dixon,C. Palace / Birmingham City,01-07-2023,0.0
Ryan Manning,Swansea / Southampton,11-07-2023,0.0
Manor Solomon,Shakhtar D. / Tottenham,11-07-2023,0.0
Abdul Rahman Baba,Chelsea / PAOK,10-07-2023,0.0
Ishé Samuels-Smith,Everton / Chelsea,08-07-2023,4700000.0
Ben Pearson,B'mouth / Stoke City,08-07-2023,1500000.0
Neeskens Kebano,Fulham / Al-Jazira,08-07-2023,0.0
Cafú,Nottingham / Rotherham,01-07-2023,0.0
Lorent Tolaj,Brighton / Aldershot Town,07-07-2023,0.0
Charlie Wilson,Everton / Norwich,07-07-2023,0.0
Ryan Bartley,C. Palace / Derby,07-07-2023,0.0
Morgan Rogers,Man City / Middlesbrough,07-07-2023,1200000.0
Ellis Simms,Everton / Coventry,07-07-2023,7000000.0
Hayao Kawabe,Wolverhampton / Standard,07-07-2023,1500000.0
Sonny Bradley,Luton / Derby,01-07-2023,0.0
Pontus Jansson,Brentford / Malmo,01-07-2023,0.0
Elijah Gift,Liverpool / Athletic,06-07-2023,800000.0
Freddie Cook,Leicester / Cardiff City,06-07-2023,0.0
Josh McNamara,Man City / Southampton,06-07-2023,0.0
César Azpilicueta,Chelsea / Atlético,06-07-2023,0.0
Granit Xhaka,Arsenal / Bayer 04,06-07-2023,15000000.0
Ayoze Pérez,Leicester / Real Betis,06-07-2023,0.0
Mason Mount,Chelsea / Man Utd,05-07-2023,64200000.0
Çağlar Söyüncü,Leicester / Atlético,05-07-2023,0.0
Enda Stevens,Sheff Utd / Stoke City,05-07-2023,0.0
Derrick Abu,Chelsea / Southampton,01-07-2023,0.0
Maliq Cadogan,C. Palace / Swansea,04-07-2023,0.0
Alex Gilbert,Brentford / Middlesbrough,04-07-2023,0.0
Roberto Firmino,Liverpool / Al Ahli,04-07-2023,0.0
Nathan Collins,Wolverhampton / Brentford,04-07-2023,26900000.0
Richard Keogh,Ipswich Town / Wycombe,01-07-2023,0.0
Bart Verbruggen,Anderlecht / Brighton,03-07-2023,20000000.0
Rico Richards,West Bromwich / Aston Villa,03-07-2023,0.0
Sandro Tonali,Milan / Newcastle Utd.,03-07-2023,64000000.0
Lewis Gibson,Everton / Plymouth,03-07-2023,0.0
Theo Williams,Sheff Utd / Fleetwood,02-07-2023,0.0
Dominik Szoboszlai,RB Leipzig / Liverpool,02-07-2023,70000000.0
Teodor Minchev,Arsenal / Swansea,01-07-2023,0.0
Manni Norkett,Man Utd / Nottingham,01-07-2023,0.0
Isaac Westendorf,Newcastle Utd. / Larne,01-07-2023,0.0
Ronny Nelson,Leicester / Colchester,01-07-2023,0.0
Tarik Gidaree,B'mouth / Harrow Borough FC,01-07-2023,0.0
Osa Solomon,Nottingham / Grantham Town,01-07-2023,0.0
João Pedro,Watford / Brighton,01-07-2023,34200000.0
Mahmoud Dahoud,Dortmund / Brighton,01-07-2023,0.0
James Milner,Liverpool / Brighton,01-07-2023,0.0
Alexis Mac Allister,Brighton / Liverpool,01-07-2023,42000000.0
Haydon Roberts,Brighton / Bristol City,01-07-2023,0.0
Jack Spong,Brighton / Queen's,01-07-2023,0.0
Teddy Jenks,Brighton / Forest,01-07-2023,0.0
Antef Tsoungui,Brighton / Feyenoord,01-07-2023,0.0
Josh Lane,Aston Villa / Robert Morris Colonials (Robert Morris University),01-07-2023,0.0
Matheus Cunha,Atlético / Wolverhampton,01-07-2023,50000000.0
Nahuel Bustos,Man City / Talleres,01-07-2023,0.0
Harry Wright,Everton / Fleetwood,01-07-2023,0.0
Rekeem Harper,Ipswich Town / Burton Albion,01-07-2023,0.0
Finlay Armstrong,Burnley / Fleetwood,01-07-2023,0.0
Harry Winks,Tottenham / Leicester,01-07-2023,11600000.0
Conor Coady,Wolverhampton / Leicester,01-07-2023,8700000.0
Diego Manuel Jadon da Silva Moreira,Benfica / Chelsea,01-07-2023,0.0
Joe Bryan,Fulham / Millwall,01-07-2023,0.0
Ethan Laird,Man Utd / Birmingham City,01-07-2023,900000.0
Nicolas Jackson,Villarreal / Chelsea,01-07-2023,37000000.0
Ruben Loftus-Cheek,Chelsea / Milan,01-07-2023,18500000.0
Ethan Galbraith,Man Utd / Leyton Orient,01-07-2023,0.0
Karl Daley,Leicester / Leighton Town,01-07-2023,0.0
Romaine Mundle,Tottenham / Standard,01-07-2023,0.0
Kai Havertz ,Chelsea / Arsenal,01-07-2023,75000000.0
James Maddison,Leicester / Tottenham,01-07-2023,46300000.0
Edouard Mendy,Chelsea / Al Ahli,01-07-2023,18500000.0
Mislav Orsic,Southampton / Trabzonspor,01-07-2023,2400000.0
Jack Turner,Southampton / Queen's,01-07-2023,0.0
Chiedozie Ogbene,Rotherham / Luton,01-07-2023,0.0
Guglielmo Vicario,Empoli / Tottenham,01-07-2023,18500000.0
Mateo Kovacic,Chelsea / Man City,01-07-2023,29100000.0
Harry Isted,Luton / Charlton Athletic,01-07-2023,0.0
Zidane Iqbal,Man Utd / Utrecht,01-07-2023,1000000.0
Ethan Wady,Chelsea / Millwall,01-07-2023,0.0
Dan Nlundulu,Southampton / Bolton Wanderers,01-07-2023,0.0
İlkay Gündoğan,Man City / Barcelona,01-07-2023,0.0
Kalidou Koulibaly,Chelsea / Al-Hilal,01-07-2023,23000000.0
Lewis Thomas,Burnley / Harrogate,01-07-2023,0.0
Dara O'Shea,West Bromwich / Burnley,01-07-2023,7800000.0
Justin Kluivert,Roma / B'mouth,01-07-2023,10800000.0
Rúben Neves,Wolverhampton / Al-Hilal,01-07-2023,55000000.0
Nathan Baxter,Chelsea / Bolton Wanderers,01-07-2023,0.0
Lukas Jensen,Burnley / Lincoln,01-07-2023,0.0
N'Golo Kanté,Chelsea / Al-Ittihad,01-07-2023,0.0
Christopher Nkunku,RB Leipzig / Chelsea,01-07-2023,60000000.0
Will Tizzard,Southampton / Queen's,01-07-2023,0.0
Matt Smith,Arsenal / Wigan,01-07-2023,0.0
Tom Bloxham,Tottenham / Blackburn,01-07-2023,0.0
Will Norris,Burnley / Portsmouth,01-07-2023,0.0
Charlie Hayes-Green,Liverpool / Bolton Wanderers,01-07-2023,0.0
Daniel Quick,C. Palace / Eastbourne Borough,01-07-2023,0.0
Harry Barclay,Newcastle Utd. / AFC Blyth,01-07-2023,0.0
Dejan Kulusevski,Juventus / Tottenham,01-07-2023,30000000.0
Ziyad Larkeche,Fulham / QPR,01-07-2023,0.0
Will Brook,Leeds United / Nottingham,01-07-2023,0.0
Yankuba Minteh,Odense / Newcastle Utd.,01-07-2023,8000000.0
Kevin Schade,SC Freiburg / Brentford,01-07-2023,25000000.0
Youri Tielemans,Leicester / Aston Villa,01-07-2023,0.0
Isaac Price,Everton / Standard,01-07-2023,0.0
Naby Keïta,Liverpool / Werder,01-07-2023,0.0
Shane Duffy,Fulham / Norwich,01-07-2023,0.0
Terrell Agyemang,Man City / Middlesbrough,01-07-2023,0.0
Michael Agboola,Wolverhampton / Hullbridge Sports FC,01-07-2023,0.0
Jack Scott,Wolverhampton / Linfield,01-07-2023,0.0
Paulo Gazzaniga,Fulham / Girona,01-07-2023,0.0
Jack Butland,C. Palace / Rangers,01-07-2023,0.0
Jefferson Lerma,B'mouth / C. Palace,01-07-2023,0.0
Nicky Hogarth,Nottingham / Falkirk,01-07-2023,0.0
Roco Rees,Brentford / Worthing FC,01-07-2023,0.0
Dujon Sterling,Chelsea / Rangers,01-07-2023,0.0
Josh Neufville,Luton / Wimbledon,01-07-2023,0.0
Josh Williams,Luton / Hemel Hempstead Town,01-07-2023,0.0
Lachlan Brook,Brentford / West Sydney,01-07-2023,0.0
Lewis Salmon,Nottingham / Alfreton Town,01-07-2023,0.0
Joseph Peter McFlynn,Burnley / Hamilton,01-07-2023,0.0
Joel Coleman,Ipswich Town / Bolton Wanderers,01-07-2023,0.0
Niels Nkounkou,Everton / Saint-Etienne,01-07-2023,2000000.0
Jack Stacey,B'mouth / Norwich,01-07-2023,0.0
Mark Flekken,SC Freiburg / Brentford,01-07-2023,13000000.0
Michael Obafemi,Swansea / Burnley,01-07-2023,4000000.0
Ashley Barnes,Burnley / Norwich,01-07-2023,0.0
Chris Wood,Newcastle Utd. / Nottingham,01-07-2023,17000000.0
Jordan Beyer,Gladbach / Burnley,01-07-2023,15000000.0
Alex Matos,Norwich / Chelsea,01-07-2023,0.0
Hamed Junior Traoré,Sassuolo / B'mouth,01-07-2023,25600000.0
Pablo Marí,Arsenal / Monza,01-07-2023,6200000.0
Arthur Masuaku,West Ham United / Besiktas,01-07-2023,2000000.0
Jordan Zemura,B'mouth / Udinese,01-07-2023,0.0
Sylvester Jasper,Fulham / Portimonense,01-07-2023,0.0
Pedro Porro,Sporting CP / Tottenham,01-07-2023,40000000.0
Boubacar Traoré,Metz / Wolverhampton,01-07-2023,11000000.0
Moise Kean,Everton / Juventus,01-07-2023,30000000.0
